{
  "defaultConfig": {
    "lang": "zh-Hans"
  },
  "usePublicUrl": false,
  "redirect": [
    {
      "matchMethod": ["*"],
      "matchUrl": {
        "pathname": "/"
      },
      "to": {
        "url": "/locales/{{pattern.pathname.input}}index.html",
        "appendHeaders": {},
        "removeHeaders": []
      }
    },
    {
      "matchMethod": ["*"],
      "matchUrl": {
        "pathname": "{/}res/*"
      },
      "to": {
        "url": "/locales/{{pattern.pathname.input}}",
        "appendHeaders": {},
        "removeHeaders": []
      }
    },
    {
      "matchMethod": ["*"],
      "matchUrl": {
        "pathname": "{/}src/*"
      },
      "to": {
        "url": "/locales/{{pattern.pathname.input}}",
        "appendHeaders": {},
        "removeHeaders": []
      }
    },
    {
      "matchMethod": ["*"],
      "matchUrl": {
        "pathname": "/*"
      },
      "to": {
        "url": "/locales/{{pattern.pathname.input}}",
        "appendHeaders": {},
        "removeHeaders": []
      }
    }
  ]
}
